max-path-return_agent_0,mean-path-return_agent_0,max-path-return_agent_1,total-samples,episode_reward,last-path-return_agent_0,mean-path-return_agent_1,episodes,last-path-return_agent_1
5.0,5.0,-5.0,1,1,5.0,-5.0,1,-5.0
5.0,2.0,-2.0,2,2,2.0,-2.0,2,-2.0
5.0,2.0,-2.0,3,3,2.0,-2.0,3,-2.0
5.0,2.0,-2.0,4,4,2.0,-2.0,4,-2.0
6.0,6.0,-2.0,5,5,6.0,-6.0,5,-6.0
6.0,-1.0,1.0,6,6,-1.0,1.0,6,1.0
6.0,5.0,1.0,7,7,5.0,-5.0,7,-5.0
6.0,-1.0,1.0,8,8,-1.0,1.0,8,1.0
6.0,5.0,1.0,9,9,5.0,-5.0,9,-5.0
6.0,5.0,1.0,10,10,5.0,-5.0,10,-5.0
6.0,2.0,1.0,11,11,2.0,-2.0,11,-2.0
6.0,2.0,1.0,12,12,2.0,-2.0,12,-2.0
6.0,-1.0,1.0,13,13,-1.0,1.0,13,1.0
6.0,-1.0,1.0,14,14,-1.0,1.0,14,1.0
6.0,5.0,1.0,15,15,5.0,-5.0,15,-5.0
6.0,5.0,1.0,16,16,5.0,-5.0,16,-5.0
6.0,6.0,1.0,17,17,6.0,-6.0,17,-6.0
6.0,2.0,1.0,18,18,2.0,-2.0,18,-2.0
6.0,-1.0,1.0,19,19,-1.0,1.0,19,1.0
6.0,5.0,1.0,20,20,5.0,-5.0,20,-5.0
6.0,2.0,1.0,21,21,2.0,-2.0,21,-2.0
6.0,5.0,1.0,22,22,5.0,-5.0,22,-5.0
6.0,5.0,1.0,23,23,5.0,-5.0,23,-5.0
6.0,-1.0,1.0,24,24,-1.0,1.0,24,1.0
6.0,-1.0,1.0,25,25,-1.0,1.0,25,1.0
6.0,2.0,1.0,26,26,2.0,-2.0,26,-2.0
6.0,2.0,1.0,27,27,2.0,-2.0,27,-2.0
6.0,5.0,1.0,28,28,5.0,-5.0,28,-5.0
6.0,6.0,1.0,29,29,6.0,-6.0,29,-6.0
6.0,2.0,1.0,30,30,2.0,-2.0,30,-2.0
6.0,-1.0,1.0,31,31,-1.0,1.0,31,1.0
6.0,6.0,1.0,32,32,6.0,-6.0,32,-6.0
6.0,6.0,1.0,33,33,6.0,-6.0,33,-6.0
6.0,6.0,1.0,34,34,6.0,-6.0,34,-6.0
6.0,-1.0,1.0,35,35,-1.0,1.0,35,1.0
6.0,-1.0,1.0,36,36,-1.0,1.0,36,1.0
6.0,5.0,1.0,37,37,5.0,-5.0,37,-5.0
6.0,-1.0,1.0,38,38,-1.0,1.0,38,1.0
6.0,5.0,1.0,39,39,5.0,-5.0,39,-5.0
6.0,5.0,1.0,40,40,5.0,-5.0,40,-5.0
6.0,6.0,1.0,41,41,6.0,-6.0,41,-6.0
6.0,-1.0,1.0,42,42,-1.0,1.0,42,1.0
6.0,6.0,1.0,43,43,6.0,-6.0,43,-6.0
6.0,-1.0,1.0,44,44,-1.0,1.0,44,1.0
6.0,-1.0,1.0,45,45,-1.0,1.0,45,1.0
6.0,2.0,1.0,46,46,2.0,-2.0,46,-2.0
6.0,2.0,1.0,47,47,2.0,-2.0,47,-2.0
6.0,2.0,1.0,48,48,2.0,-2.0,48,-2.0
6.0,5.0,1.0,49,49,5.0,-5.0,49,-5.0
6.0,-1.0,1.0,50,50,-1.0,1.0,50,1.0
6.0,2.0,1.0,51,51,2.0,-2.0,51,-2.0
6.0,6.0,1.0,52,52,6.0,-6.0,52,-6.0
6.0,2.0,1.0,53,53,2.0,-2.0,53,-2.0
6.0,-1.0,1.0,54,54,-1.0,1.0,54,1.0
6.0,5.0,1.0,55,55,5.0,-5.0,55,-5.0
6.0,-1.0,1.0,56,56,-1.0,1.0,56,1.0
6.0,2.0,1.0,57,57,2.0,-2.0,57,-2.0
6.0,2.0,1.0,58,58,2.0,-2.0,58,-2.0
6.0,2.0,1.0,59,59,2.0,-2.0,59,-2.0
6.0,5.0,1.0,60,60,5.0,-5.0,60,-5.0
6.0,2.0,1.0,61,61,2.0,-2.0,61,-2.0
6.0,-1.0,1.0,62,62,-1.0,1.0,62,1.0
6.0,5.0,1.0,63,63,5.0,-5.0,63,-5.0
6.0,2.0,1.0,64,64,2.0,-2.0,64,-2.0
6.0,6.0,1.0,65,65,6.0,-6.0,65,-6.0
6.0,-1.0,1.0,66,66,-1.0,1.0,66,1.0
6.0,-1.0,1.0,67,67,-1.0,1.0,67,1.0
6.0,5.0,1.0,68,68,5.0,-5.0,68,-5.0
6.0,5.0,1.0,69,69,5.0,-5.0,69,-5.0
6.0,5.0,1.0,70,70,5.0,-5.0,70,-5.0
6.0,5.0,1.0,71,71,5.0,-5.0,71,-5.0
6.0,6.0,1.0,72,72,6.0,-6.0,72,-6.0
6.0,2.0,1.0,73,73,2.0,-2.0,73,-2.0
6.0,5.0,1.0,74,74,5.0,-5.0,74,-5.0
6.0,2.0,1.0,75,75,2.0,-2.0,75,-2.0
6.0,2.0,1.0,76,76,2.0,-2.0,76,-2.0
6.0,6.0,1.0,77,77,6.0,-6.0,77,-6.0
6.0,-1.0,1.0,78,78,-1.0,1.0,78,1.0
6.0,2.0,1.0,79,79,2.0,-2.0,79,-2.0
6.0,-1.0,1.0,80,80,-1.0,1.0,80,1.0
6.0,6.0,1.0,81,81,6.0,-6.0,81,-6.0
6.0,5.0,1.0,82,82,5.0,-5.0,82,-5.0
6.0,5.0,1.0,83,83,5.0,-5.0,83,-5.0
6.0,2.0,1.0,84,84,2.0,-2.0,84,-2.0
6.0,5.0,1.0,85,85,5.0,-5.0,85,-5.0
6.0,6.0,1.0,86,86,6.0,-6.0,86,-6.0
6.0,-1.0,1.0,87,87,-1.0,1.0,87,1.0
6.0,-1.0,1.0,88,88,-1.0,1.0,88,1.0
6.0,6.0,1.0,89,89,6.0,-6.0,89,-6.0
6.0,6.0,1.0,90,90,6.0,-6.0,90,-6.0
6.0,5.0,1.0,91,91,5.0,-5.0,91,-5.0
6.0,6.0,1.0,92,92,6.0,-6.0,92,-6.0
6.0,2.0,1.0,93,93,2.0,-2.0,93,-2.0
6.0,-1.0,1.0,94,94,-1.0,1.0,94,1.0
6.0,2.0,1.0,95,95,2.0,-2.0,95,-2.0
6.0,2.0,1.0,96,96,2.0,-2.0,96,-2.0
6.0,6.0,1.0,97,97,6.0,-6.0,97,-6.0
6.0,2.0,1.0,98,98,2.0,-2.0,98,-2.0
6.0,2.0,1.0,99,99,2.0,-2.0,99,-2.0
6.0,6.0,1.0,100,100,6.0,-6.0,100,-6.0
6.0,6.0,1.0,101,101,6.0,-6.0,101,-6.0
6.0,2.0,1.0,102,102,2.0,-2.0,102,-2.0
6.0,5.0,1.0,103,103,5.0,-5.0,103,-5.0
6.0,5.0,1.0,104,104,5.0,-5.0,104,-5.0
6.0,6.0,1.0,105,105,6.0,-6.0,105,-6.0
6.0,5.0,1.0,106,106,5.0,-5.0,106,-5.0
6.0,2.0,1.0,107,107,2.0,-2.0,107,-2.0
6.0,-1.0,1.0,108,108,-1.0,1.0,108,1.0
6.0,6.0,1.0,109,109,6.0,-6.0,109,-6.0
6.0,-1.0,1.0,110,110,-1.0,1.0,110,1.0
6.0,-1.0,1.0,111,111,-1.0,1.0,111,1.0
6.0,-1.0,1.0,112,112,-1.0,1.0,112,1.0
6.0,6.0,1.0,113,113,6.0,-6.0,113,-6.0
6.0,-1.0,1.0,114,114,-1.0,1.0,114,1.0
6.0,-1.0,1.0,115,115,-1.0,1.0,115,1.0
6.0,-1.0,1.0,116,116,-1.0,1.0,116,1.0
6.0,-1.0,1.0,117,117,-1.0,1.0,117,1.0
6.0,2.0,1.0,118,118,2.0,-2.0,118,-2.0
6.0,6.0,1.0,119,119,6.0,-6.0,119,-6.0
6.0,-1.0,1.0,120,120,-1.0,1.0,120,1.0
6.0,5.0,1.0,121,121,5.0,-5.0,121,-5.0
6.0,2.0,1.0,122,122,2.0,-2.0,122,-2.0
6.0,2.0,1.0,123,123,2.0,-2.0,123,-2.0
6.0,6.0,1.0,124,124,6.0,-6.0,124,-6.0
6.0,6.0,1.0,125,125,6.0,-6.0,125,-6.0
6.0,2.0,1.0,126,126,2.0,-2.0,126,-2.0
6.0,-1.0,1.0,127,127,-1.0,1.0,127,1.0
6.0,-1.0,1.0,128,128,-1.0,1.0,128,1.0
6.0,5.0,1.0,129,129,5.0,-5.0,129,-5.0
6.0,2.0,1.0,130,130,2.0,-2.0,130,-2.0
6.0,5.0,1.0,131,131,5.0,-5.0,131,-5.0
6.0,6.0,1.0,132,132,6.0,-6.0,132,-6.0
6.0,5.0,1.0,133,133,5.0,-5.0,133,-5.0
6.0,-1.0,1.0,134,134,-1.0,1.0,134,1.0
6.0,5.0,1.0,135,135,5.0,-5.0,135,-5.0
6.0,-1.0,1.0,136,136,-1.0,1.0,136,1.0
6.0,5.0,1.0,137,137,5.0,-5.0,137,-5.0
6.0,5.0,1.0,138,138,5.0,-5.0,138,-5.0
6.0,2.0,1.0,139,139,2.0,-2.0,139,-2.0
6.0,5.0,1.0,140,140,5.0,-5.0,140,-5.0
6.0,2.0,1.0,141,141,2.0,-2.0,141,-2.0
6.0,-1.0,1.0,142,142,-1.0,1.0,142,1.0
6.0,5.0,1.0,143,143,5.0,-5.0,143,-5.0
6.0,2.0,1.0,144,144,2.0,-2.0,144,-2.0
6.0,-1.0,1.0,145,145,-1.0,1.0,145,1.0
6.0,2.0,1.0,146,146,2.0,-2.0,146,-2.0
6.0,5.0,1.0,147,147,5.0,-5.0,147,-5.0
6.0,6.0,1.0,148,148,6.0,-6.0,148,-6.0
6.0,-1.0,1.0,149,149,-1.0,1.0,149,1.0
6.0,2.0,1.0,150,150,2.0,-2.0,150,-2.0
6.0,6.0,1.0,151,151,6.0,-6.0,151,-6.0
6.0,-1.0,1.0,152,152,-1.0,1.0,152,1.0
6.0,5.0,1.0,153,153,5.0,-5.0,153,-5.0
6.0,2.0,1.0,154,154,2.0,-2.0,154,-2.0
6.0,6.0,1.0,155,155,6.0,-6.0,155,-6.0
6.0,6.0,1.0,156,156,6.0,-6.0,156,-6.0
6.0,5.0,1.0,157,157,5.0,-5.0,157,-5.0
6.0,2.0,1.0,158,158,2.0,-2.0,158,-2.0
6.0,-1.0,1.0,159,159,-1.0,1.0,159,1.0
6.0,-1.0,1.0,160,160,-1.0,1.0,160,1.0
6.0,-1.0,1.0,161,161,-1.0,1.0,161,1.0
6.0,5.0,1.0,162,162,5.0,-5.0,162,-5.0
6.0,2.0,1.0,163,163,2.0,-2.0,163,-2.0
6.0,2.0,1.0,164,164,2.0,-2.0,164,-2.0
6.0,2.0,1.0,165,165,2.0,-2.0,165,-2.0
6.0,6.0,1.0,166,166,6.0,-6.0,166,-6.0
6.0,2.0,1.0,167,167,2.0,-2.0,167,-2.0
6.0,-1.0,1.0,168,168,-1.0,1.0,168,1.0
6.0,2.0,1.0,169,169,2.0,-2.0,169,-2.0
6.0,2.0,1.0,170,170,2.0,-2.0,170,-2.0
6.0,2.0,1.0,171,171,2.0,-2.0,171,-2.0
6.0,-1.0,1.0,172,172,-1.0,1.0,172,1.0
6.0,2.0,1.0,173,173,2.0,-2.0,173,-2.0
6.0,6.0,1.0,174,174,6.0,-6.0,174,-6.0
6.0,2.0,1.0,175,175,2.0,-2.0,175,-2.0
6.0,-1.0,1.0,176,176,-1.0,1.0,176,1.0
6.0,5.0,1.0,177,177,5.0,-5.0,177,-5.0
6.0,2.0,1.0,178,178,2.0,-2.0,178,-2.0
6.0,6.0,1.0,179,179,6.0,-6.0,179,-6.0
6.0,-1.0,1.0,180,180,-1.0,1.0,180,1.0
6.0,2.0,1.0,181,181,2.0,-2.0,181,-2.0
6.0,6.0,1.0,182,182,6.0,-6.0,182,-6.0
6.0,6.0,1.0,183,183,6.0,-6.0,183,-6.0
6.0,5.0,1.0,184,184,5.0,-5.0,184,-5.0
6.0,5.0,1.0,185,185,5.0,-5.0,185,-5.0
6.0,5.0,1.0,186,186,5.0,-5.0,186,-5.0
6.0,-1.0,1.0,187,187,-1.0,1.0,187,1.0
6.0,2.0,1.0,188,188,2.0,-2.0,188,-2.0
6.0,6.0,1.0,189,189,6.0,-6.0,189,-6.0
6.0,2.0,1.0,190,190,2.0,-2.0,190,-2.0
6.0,5.0,1.0,191,191,5.0,-5.0,191,-5.0
6.0,5.0,1.0,192,192,5.0,-5.0,192,-5.0
6.0,6.0,1.0,193,193,6.0,-6.0,193,-6.0
6.0,2.0,1.0,194,194,2.0,-2.0,194,-2.0
6.0,5.0,1.0,195,195,5.0,-5.0,195,-5.0
6.0,-1.0,1.0,196,196,-1.0,1.0,196,1.0
6.0,5.0,1.0,197,197,5.0,-5.0,197,-5.0
6.0,-1.0,1.0,198,198,-1.0,1.0,198,1.0
6.0,6.0,1.0,199,199,6.0,-6.0,199,-6.0
6.0,-1.0,1.0,200,200,-1.0,1.0,200,1.0
6.0,6.0,1.0,201,201,6.0,-6.0,201,-6.0
6.0,2.0,1.0,202,202,2.0,-2.0,202,-2.0
6.0,2.0,1.0,203,203,2.0,-2.0,203,-2.0
6.0,-1.0,1.0,204,204,-1.0,1.0,204,1.0
6.0,6.0,1.0,205,205,6.0,-6.0,205,-6.0
6.0,6.0,1.0,206,206,6.0,-6.0,206,-6.0
6.0,6.0,1.0,207,207,6.0,-6.0,207,-6.0
6.0,6.0,1.0,208,208,6.0,-6.0,208,-6.0
6.0,2.0,1.0,209,209,2.0,-2.0,209,-2.0
6.0,2.0,1.0,210,210,2.0,-2.0,210,-2.0
6.0,5.0,1.0,211,211,5.0,-5.0,211,-5.0
6.0,2.0,1.0,212,212,2.0,-2.0,212,-2.0
6.0,5.0,1.0,213,213,5.0,-5.0,213,-5.0
6.0,-1.0,1.0,214,214,-1.0,1.0,214,1.0
6.0,-1.0,1.0,215,215,-1.0,1.0,215,1.0
6.0,6.0,1.0,216,216,6.0,-6.0,216,-6.0
6.0,-1.0,1.0,217,217,-1.0,1.0,217,1.0
6.0,-1.0,1.0,218,218,-1.0,1.0,218,1.0
6.0,6.0,1.0,219,219,6.0,-6.0,219,-6.0
6.0,6.0,1.0,220,220,6.0,-6.0,220,-6.0
6.0,-1.0,1.0,221,221,-1.0,1.0,221,1.0
6.0,5.0,1.0,222,222,5.0,-5.0,222,-5.0
6.0,6.0,1.0,223,223,6.0,-6.0,223,-6.0
6.0,6.0,1.0,224,224,6.0,-6.0,224,-6.0
6.0,2.0,1.0,225,225,2.0,-2.0,225,-2.0
6.0,2.0,1.0,226,226,2.0,-2.0,226,-2.0
6.0,5.0,1.0,227,227,5.0,-5.0,227,-5.0
6.0,-1.0,1.0,228,228,-1.0,1.0,228,1.0
6.0,5.0,1.0,229,229,5.0,-5.0,229,-5.0
6.0,6.0,1.0,230,230,6.0,-6.0,230,-6.0
6.0,2.0,1.0,231,231,2.0,-2.0,231,-2.0
6.0,5.0,1.0,232,232,5.0,-5.0,232,-5.0
6.0,5.0,1.0,233,233,5.0,-5.0,233,-5.0
6.0,2.0,1.0,234,234,2.0,-2.0,234,-2.0
6.0,-1.0,1.0,235,235,-1.0,1.0,235,1.0
6.0,2.0,1.0,236,236,2.0,-2.0,236,-2.0
6.0,2.0,1.0,237,237,2.0,-2.0,237,-2.0
6.0,-1.0,1.0,238,238,-1.0,1.0,238,1.0
6.0,5.0,1.0,239,239,5.0,-5.0,239,-5.0
6.0,6.0,1.0,240,240,6.0,-6.0,240,-6.0
6.0,6.0,1.0,241,241,6.0,-6.0,241,-6.0
6.0,6.0,1.0,242,242,6.0,-6.0,242,-6.0
6.0,2.0,1.0,243,243,2.0,-2.0,243,-2.0
6.0,5.0,1.0,244,244,5.0,-5.0,244,-5.0
6.0,-1.0,1.0,245,245,-1.0,1.0,245,1.0
6.0,-1.0,1.0,246,246,-1.0,1.0,246,1.0
6.0,-1.0,1.0,247,247,-1.0,1.0,247,1.0
6.0,-1.0,1.0,248,248,-1.0,1.0,248,1.0
6.0,-1.0,1.0,249,249,-1.0,1.0,249,1.0
6.0,-1.0,1.0,250,250,-1.0,1.0,250,1.0
6.0,-1.0,1.0,251,251,-1.0,1.0,251,1.0
6.0,-1.0,1.0,252,252,-1.0,1.0,252,1.0
6.0,-1.0,1.0,253,253,-1.0,1.0,253,1.0
6.0,-1.0,1.0,254,254,-1.0,1.0,254,1.0
6.0,6.0,1.0,255,255,6.0,-6.0,255,-6.0
6.0,5.0,1.0,256,256,5.0,-5.0,256,-5.0
6.0,5.0,1.0,257,257,5.0,-5.0,257,-5.0
6.0,-1.0,1.0,258,258,-1.0,1.0,258,1.0
6.0,2.0,1.0,259,259,2.0,-2.0,259,-2.0
6.0,6.0,1.0,260,260,6.0,-6.0,260,-6.0
6.0,6.0,1.0,261,261,6.0,-6.0,261,-6.0
6.0,-1.0,1.0,262,262,-1.0,1.0,262,1.0
6.0,6.0,1.0,263,263,6.0,-6.0,263,-6.0
6.0,5.0,1.0,264,264,5.0,-5.0,264,-5.0
6.0,2.0,1.0,265,265,2.0,-2.0,265,-2.0
6.0,5.0,1.0,266,266,5.0,-5.0,266,-5.0
6.0,-1.0,1.0,267,267,-1.0,1.0,267,1.0
6.0,5.0,1.0,268,268,5.0,-5.0,268,-5.0
6.0,6.0,1.0,269,269,6.0,-6.0,269,-6.0
6.0,5.0,1.0,270,270,5.0,-5.0,270,-5.0
6.0,2.0,1.0,271,271,2.0,-2.0,271,-2.0
6.0,6.0,1.0,272,272,6.0,-6.0,272,-6.0
6.0,-1.0,1.0,273,273,-1.0,1.0,273,1.0
6.0,2.0,1.0,274,274,2.0,-2.0,274,-2.0
6.0,6.0,1.0,275,275,6.0,-6.0,275,-6.0
6.0,-1.0,1.0,276,276,-1.0,1.0,276,1.0
6.0,-1.0,1.0,277,277,-1.0,1.0,277,1.0
6.0,-1.0,1.0,278,278,-1.0,1.0,278,1.0
6.0,-1.0,1.0,279,279,-1.0,1.0,279,1.0
6.0,6.0,1.0,280,280,6.0,-6.0,280,-6.0
6.0,6.0,1.0,281,281,6.0,-6.0,281,-6.0
6.0,2.0,1.0,282,282,2.0,-2.0,282,-2.0
6.0,-1.0,1.0,283,283,-1.0,1.0,283,1.0
6.0,-1.0,1.0,284,284,-1.0,1.0,284,1.0
6.0,2.0,1.0,285,285,2.0,-2.0,285,-2.0
6.0,-1.0,1.0,286,286,-1.0,1.0,286,1.0
6.0,-1.0,1.0,287,287,-1.0,1.0,287,1.0
6.0,6.0,1.0,288,288,6.0,-6.0,288,-6.0
6.0,-1.0,1.0,289,289,-1.0,1.0,289,1.0
6.0,2.0,1.0,290,290,2.0,-2.0,290,-2.0
6.0,2.0,1.0,291,291,2.0,-2.0,291,-2.0
6.0,5.0,1.0,292,292,5.0,-5.0,292,-5.0
6.0,5.0,1.0,293,293,5.0,-5.0,293,-5.0
6.0,-1.0,1.0,294,294,-1.0,1.0,294,1.0
6.0,6.0,1.0,295,295,6.0,-6.0,295,-6.0
6.0,2.0,1.0,296,296,2.0,-2.0,296,-2.0
6.0,2.0,1.0,297,297,2.0,-2.0,297,-2.0
6.0,2.0,1.0,298,298,2.0,-2.0,298,-2.0
6.0,6.0,1.0,299,299,6.0,-6.0,299,-6.0
6.0,2.0,1.0,300,300,2.0,-2.0,300,-2.0
6.0,2.0,1.0,301,301,2.0,-2.0,301,-2.0
6.0,5.0,1.0,302,302,5.0,-5.0,302,-5.0
6.0,-1.0,1.0,303,303,-1.0,1.0,303,1.0
6.0,5.0,1.0,304,304,5.0,-5.0,304,-5.0
6.0,2.0,1.0,305,305,2.0,-2.0,305,-2.0
6.0,6.0,1.0,306,306,6.0,-6.0,306,-6.0
6.0,2.0,1.0,307,307,2.0,-2.0,307,-2.0
6.0,5.0,1.0,308,308,5.0,-5.0,308,-5.0
6.0,2.0,1.0,309,309,2.0,-2.0,309,-2.0
6.0,6.0,1.0,310,310,6.0,-6.0,310,-6.0
6.0,6.0,1.0,311,311,6.0,-6.0,311,-6.0
6.0,6.0,1.0,312,312,6.0,-6.0,312,-6.0
6.0,5.0,1.0,313,313,5.0,-5.0,313,-5.0
6.0,6.0,1.0,314,314,6.0,-6.0,314,-6.0
6.0,5.0,1.0,315,315,5.0,-5.0,315,-5.0
6.0,5.0,1.0,316,316,5.0,-5.0,316,-5.0
6.0,-1.0,1.0,317,317,-1.0,1.0,317,1.0
6.0,6.0,1.0,318,318,6.0,-6.0,318,-6.0
6.0,2.0,1.0,319,319,2.0,-2.0,319,-2.0
6.0,5.0,1.0,320,320,5.0,-5.0,320,-5.0
6.0,5.0,1.0,321,321,5.0,-5.0,321,-5.0
6.0,6.0,1.0,322,322,6.0,-6.0,322,-6.0
6.0,2.0,1.0,323,323,2.0,-2.0,323,-2.0
6.0,-1.0,1.0,324,324,-1.0,1.0,324,1.0
6.0,5.0,1.0,325,325,5.0,-5.0,325,-5.0
6.0,5.0,1.0,326,326,5.0,-5.0,326,-5.0
6.0,-1.0,1.0,327,327,-1.0,1.0,327,1.0
6.0,5.0,1.0,328,328,5.0,-5.0,328,-5.0
6.0,6.0,1.0,329,329,6.0,-6.0,329,-6.0
6.0,2.0,1.0,330,330,2.0,-2.0,330,-2.0
6.0,-1.0,1.0,331,331,-1.0,1.0,331,1.0
6.0,5.0,1.0,332,332,5.0,-5.0,332,-5.0
6.0,-1.0,1.0,333,333,-1.0,1.0,333,1.0
6.0,2.0,1.0,334,334,2.0,-2.0,334,-2.0
6.0,5.0,1.0,335,335,5.0,-5.0,335,-5.0
6.0,-1.0,1.0,336,336,-1.0,1.0,336,1.0
6.0,-1.0,1.0,337,337,-1.0,1.0,337,1.0
6.0,2.0,1.0,338,338,2.0,-2.0,338,-2.0
6.0,-1.0,1.0,339,339,-1.0,1.0,339,1.0
6.0,5.0,1.0,340,340,5.0,-5.0,340,-5.0
6.0,5.0,1.0,341,341,5.0,-5.0,341,-5.0
6.0,-1.0,1.0,342,342,-1.0,1.0,342,1.0
6.0,-1.0,1.0,343,343,-1.0,1.0,343,1.0
6.0,2.0,1.0,344,344,2.0,-2.0,344,-2.0
6.0,5.0,1.0,345,345,5.0,-5.0,345,-5.0
6.0,-1.0,1.0,346,346,-1.0,1.0,346,1.0
6.0,-1.0,1.0,347,347,-1.0,1.0,347,1.0
6.0,2.0,1.0,348,348,2.0,-2.0,348,-2.0
6.0,-1.0,1.0,349,349,-1.0,1.0,349,1.0
6.0,-1.0,1.0,350,350,-1.0,1.0,350,1.0
6.0,6.0,1.0,351,351,6.0,-6.0,351,-6.0
6.0,6.0,1.0,352,352,6.0,-6.0,352,-6.0
6.0,-1.0,1.0,353,353,-1.0,1.0,353,1.0
6.0,2.0,1.0,354,354,2.0,-2.0,354,-2.0
6.0,5.0,1.0,355,355,5.0,-5.0,355,-5.0
6.0,6.0,1.0,356,356,6.0,-6.0,356,-6.0
6.0,6.0,1.0,357,357,6.0,-6.0,357,-6.0
6.0,5.0,1.0,358,358,5.0,-5.0,358,-5.0
6.0,6.0,1.0,359,359,6.0,-6.0,359,-6.0
6.0,2.0,1.0,360,360,2.0,-2.0,360,-2.0
6.0,-1.0,1.0,361,361,-1.0,1.0,361,1.0
6.0,-1.0,1.0,362,362,-1.0,1.0,362,1.0
6.0,-1.0,1.0,363,363,-1.0,1.0,363,1.0
6.0,2.0,1.0,364,364,2.0,-2.0,364,-2.0
6.0,5.0,1.0,365,365,5.0,-5.0,365,-5.0
6.0,6.0,1.0,366,366,6.0,-6.0,366,-6.0
6.0,2.0,1.0,367,367,2.0,-2.0,367,-2.0
6.0,5.0,1.0,368,368,5.0,-5.0,368,-5.0
6.0,2.0,1.0,369,369,2.0,-2.0,369,-2.0
6.0,2.0,1.0,370,370,2.0,-2.0,370,-2.0
6.0,5.0,1.0,371,371,5.0,-5.0,371,-5.0
6.0,2.0,1.0,372,372,2.0,-2.0,372,-2.0
6.0,6.0,1.0,373,373,6.0,-6.0,373,-6.0
6.0,-1.0,1.0,374,374,-1.0,1.0,374,1.0
6.0,5.0,1.0,375,375,5.0,-5.0,375,-5.0
6.0,6.0,1.0,376,376,6.0,-6.0,376,-6.0
6.0,2.0,1.0,377,377,2.0,-2.0,377,-2.0
6.0,-1.0,1.0,378,378,-1.0,1.0,378,1.0
6.0,6.0,1.0,379,379,6.0,-6.0,379,-6.0
6.0,6.0,1.0,380,380,6.0,-6.0,380,-6.0
6.0,5.0,1.0,381,381,5.0,-5.0,381,-5.0
6.0,2.0,1.0,382,382,2.0,-2.0,382,-2.0
6.0,-1.0,1.0,383,383,-1.0,1.0,383,1.0
6.0,5.0,1.0,384,384,5.0,-5.0,384,-5.0
6.0,5.0,1.0,385,385,5.0,-5.0,385,-5.0
6.0,6.0,1.0,386,386,6.0,-6.0,386,-6.0
6.0,-1.0,1.0,387,387,-1.0,1.0,387,1.0
6.0,5.0,1.0,388,388,5.0,-5.0,388,-5.0
6.0,-1.0,1.0,389,389,-1.0,1.0,389,1.0
6.0,-1.0,1.0,390,390,-1.0,1.0,390,1.0
6.0,-1.0,1.0,391,391,-1.0,1.0,391,1.0
6.0,5.0,1.0,392,392,5.0,-5.0,392,-5.0
6.0,5.0,1.0,393,393,5.0,-5.0,393,-5.0
6.0,6.0,1.0,394,394,6.0,-6.0,394,-6.0
6.0,5.0,1.0,395,395,5.0,-5.0,395,-5.0
6.0,5.0,1.0,396,396,5.0,-5.0,396,-5.0
6.0,2.0,1.0,397,397,2.0,-2.0,397,-2.0
6.0,6.0,1.0,398,398,6.0,-6.0,398,-6.0
6.0,5.0,1.0,399,399,5.0,-5.0,399,-5.0
6.0,-1.0,1.0,400,400,-1.0,1.0,400,1.0
6.0,2.0,1.0,401,401,2.0,-2.0,401,-2.0
6.0,2.0,1.0,402,402,2.0,-2.0,402,-2.0
6.0,5.0,1.0,403,403,5.0,-5.0,403,-5.0
6.0,6.0,1.0,404,404,6.0,-6.0,404,-6.0
6.0,-1.0,1.0,405,405,-1.0,1.0,405,1.0
6.0,6.0,1.0,406,406,6.0,-6.0,406,-6.0
6.0,2.0,1.0,407,407,2.0,-2.0,407,-2.0
6.0,2.0,1.0,408,408,2.0,-2.0,408,-2.0
6.0,6.0,1.0,409,409,6.0,-6.0,409,-6.0
6.0,6.0,1.0,410,410,6.0,-6.0,410,-6.0
6.0,2.0,1.0,411,411,2.0,-2.0,411,-2.0
6.0,2.0,1.0,412,412,2.0,-2.0,412,-2.0
6.0,6.0,1.0,413,413,6.0,-6.0,413,-6.0
6.0,5.0,1.0,414,414,5.0,-5.0,414,-5.0
6.0,6.0,1.0,415,415,6.0,-6.0,415,-6.0
6.0,2.0,1.0,416,416,2.0,-2.0,416,-2.0
6.0,-1.0,1.0,417,417,-1.0,1.0,417,1.0
6.0,5.0,1.0,418,418,5.0,-5.0,418,-5.0
6.0,6.0,1.0,419,419,6.0,-6.0,419,-6.0
6.0,2.0,1.0,420,420,2.0,-2.0,420,-2.0
6.0,5.0,1.0,421,421,5.0,-5.0,421,-5.0
6.0,5.0,1.0,422,422,5.0,-5.0,422,-5.0
6.0,5.0,1.0,423,423,5.0,-5.0,423,-5.0
6.0,6.0,1.0,424,424,6.0,-6.0,424,-6.0
6.0,-1.0,1.0,425,425,-1.0,1.0,425,1.0
6.0,-1.0,1.0,426,426,-1.0,1.0,426,1.0
6.0,-1.0,1.0,427,427,-1.0,1.0,427,1.0
6.0,5.0,1.0,428,428,5.0,-5.0,428,-5.0
6.0,2.0,1.0,429,429,2.0,-2.0,429,-2.0
6.0,-1.0,1.0,430,430,-1.0,1.0,430,1.0
6.0,5.0,1.0,431,431,5.0,-5.0,431,-5.0
6.0,6.0,1.0,432,432,6.0,-6.0,432,-6.0
6.0,2.0,1.0,433,433,2.0,-2.0,433,-2.0
6.0,5.0,1.0,434,434,5.0,-5.0,434,-5.0
6.0,5.0,1.0,435,435,5.0,-5.0,435,-5.0
6.0,5.0,1.0,436,436,5.0,-5.0,436,-5.0
6.0,5.0,1.0,437,437,5.0,-5.0,437,-5.0
6.0,5.0,1.0,438,438,5.0,-5.0,438,-5.0
6.0,5.0,1.0,439,439,5.0,-5.0,439,-5.0
6.0,6.0,1.0,440,440,6.0,-6.0,440,-6.0
6.0,6.0,1.0,441,441,6.0,-6.0,441,-6.0
6.0,5.0,1.0,442,442,5.0,-5.0,442,-5.0
6.0,5.0,1.0,443,443,5.0,-5.0,443,-5.0
6.0,5.0,1.0,444,444,5.0,-5.0,444,-5.0
6.0,-1.0,1.0,445,445,-1.0,1.0,445,1.0
6.0,6.0,1.0,446,446,6.0,-6.0,446,-6.0
6.0,-1.0,1.0,447,447,-1.0,1.0,447,1.0
6.0,5.0,1.0,448,448,5.0,-5.0,448,-5.0
6.0,-1.0,1.0,449,449,-1.0,1.0,449,1.0
6.0,5.0,1.0,450,450,5.0,-5.0,450,-5.0
6.0,5.0,1.0,451,451,5.0,-5.0,451,-5.0
6.0,-1.0,1.0,452,452,-1.0,1.0,452,1.0
6.0,5.0,1.0,453,453,5.0,-5.0,453,-5.0
6.0,2.0,1.0,454,454,2.0,-2.0,454,-2.0
6.0,5.0,1.0,455,455,5.0,-5.0,455,-5.0
6.0,2.0,1.0,456,456,2.0,-2.0,456,-2.0
6.0,-1.0,1.0,457,457,-1.0,1.0,457,1.0
6.0,6.0,1.0,458,458,6.0,-6.0,458,-6.0
6.0,-1.0,1.0,459,459,-1.0,1.0,459,1.0
6.0,-1.0,1.0,460,460,-1.0,1.0,460,1.0
6.0,5.0,1.0,461,461,5.0,-5.0,461,-5.0
6.0,2.0,1.0,462,462,2.0,-2.0,462,-2.0
6.0,5.0,1.0,463,463,5.0,-5.0,463,-5.0
6.0,6.0,1.0,464,464,6.0,-6.0,464,-6.0
6.0,2.0,1.0,465,465,2.0,-2.0,465,-2.0
6.0,6.0,1.0,466,466,6.0,-6.0,466,-6.0
6.0,-1.0,1.0,467,467,-1.0,1.0,467,1.0
6.0,-1.0,1.0,468,468,-1.0,1.0,468,1.0
6.0,6.0,1.0,469,469,6.0,-6.0,469,-6.0
6.0,-1.0,1.0,470,470,-1.0,1.0,470,1.0
6.0,6.0,1.0,471,471,6.0,-6.0,471,-6.0
6.0,6.0,1.0,472,472,6.0,-6.0,472,-6.0
6.0,6.0,1.0,473,473,6.0,-6.0,473,-6.0
6.0,6.0,1.0,474,474,6.0,-6.0,474,-6.0
6.0,5.0,1.0,475,475,5.0,-5.0,475,-5.0
6.0,5.0,1.0,476,476,5.0,-5.0,476,-5.0
6.0,5.0,1.0,477,477,5.0,-5.0,477,-5.0
6.0,-1.0,1.0,478,478,-1.0,1.0,478,1.0
6.0,-1.0,1.0,479,479,-1.0,1.0,479,1.0
6.0,-1.0,1.0,480,480,-1.0,1.0,480,1.0
6.0,5.0,1.0,481,481,5.0,-5.0,481,-5.0
6.0,-1.0,1.0,482,482,-1.0,1.0,482,1.0
6.0,5.0,1.0,483,483,5.0,-5.0,483,-5.0
6.0,6.0,1.0,484,484,6.0,-6.0,484,-6.0
6.0,5.0,1.0,485,485,5.0,-5.0,485,-5.0
6.0,-1.0,1.0,486,486,-1.0,1.0,486,1.0
6.0,6.0,1.0,487,487,6.0,-6.0,487,-6.0
6.0,-1.0,1.0,488,488,-1.0,1.0,488,1.0
6.0,2.0,1.0,489,489,2.0,-2.0,489,-2.0
6.0,6.0,1.0,490,490,6.0,-6.0,490,-6.0
6.0,-1.0,1.0,491,491,-1.0,1.0,491,1.0
6.0,2.0,1.0,492,492,2.0,-2.0,492,-2.0
6.0,6.0,1.0,493,493,6.0,-6.0,493,-6.0
6.0,2.0,1.0,494,494,2.0,-2.0,494,-2.0
6.0,5.0,1.0,495,495,5.0,-5.0,495,-5.0
6.0,-1.0,1.0,496,496,-1.0,1.0,496,1.0
6.0,5.0,1.0,497,497,5.0,-5.0,497,-5.0
6.0,5.0,1.0,498,498,5.0,-5.0,498,-5.0
6.0,5.0,1.0,499,499,5.0,-5.0,499,-5.0
6.0,-1.0,1.0,500,500,-1.0,1.0,500,1.0
6.0,5.0,1.0,501,501,5.0,-5.0,501,-5.0
6.0,5.0,1.0,502,502,5.0,-5.0,502,-5.0
6.0,6.0,1.0,503,503,6.0,-6.0,503,-6.0
6.0,2.0,1.0,504,504,2.0,-2.0,504,-2.0
6.0,-1.0,1.0,505,505,-1.0,1.0,505,1.0
6.0,6.0,1.0,506,506,6.0,-6.0,506,-6.0
6.0,-1.0,1.0,507,507,-1.0,1.0,507,1.0
6.0,5.0,1.0,508,508,5.0,-5.0,508,-5.0
6.0,2.0,1.0,509,509,2.0,-2.0,509,-2.0
6.0,-1.0,1.0,510,510,-1.0,1.0,510,1.0
6.0,5.0,1.0,511,511,5.0,-5.0,511,-5.0
6.0,-1.0,1.0,512,512,-1.0,1.0,512,1.0
6.0,-1.0,1.0,513,513,-1.0,1.0,513,1.0
6.0,-1.0,1.0,514,514,-1.0,1.0,514,1.0
6.0,-1.0,1.0,515,515,-1.0,1.0,515,1.0
6.0,5.0,1.0,516,516,5.0,-5.0,516,-5.0
6.0,2.0,1.0,517,517,2.0,-2.0,517,-2.0
6.0,2.0,1.0,518,518,2.0,-2.0,518,-2.0
6.0,5.0,1.0,519,519,5.0,-5.0,519,-5.0
6.0,5.0,1.0,520,520,5.0,-5.0,520,-5.0
6.0,2.0,1.0,521,521,2.0,-2.0,521,-2.0
6.0,-1.0,1.0,522,522,-1.0,1.0,522,1.0
6.0,-1.0,1.0,523,523,-1.0,1.0,523,1.0
6.0,-1.0,1.0,524,524,-1.0,1.0,524,1.0
6.0,5.0,1.0,525,525,5.0,-5.0,525,-5.0
6.0,2.0,1.0,526,526,2.0,-2.0,526,-2.0
6.0,6.0,1.0,527,527,6.0,-6.0,527,-6.0
6.0,5.0,1.0,528,528,5.0,-5.0,528,-5.0
6.0,2.0,1.0,529,529,2.0,-2.0,529,-2.0
6.0,-1.0,1.0,530,530,-1.0,1.0,530,1.0
6.0,-1.0,1.0,531,531,-1.0,1.0,531,1.0
6.0,5.0,1.0,532,532,5.0,-5.0,532,-5.0
6.0,6.0,1.0,533,533,6.0,-6.0,533,-6.0
6.0,-1.0,1.0,534,534,-1.0,1.0,534,1.0
6.0,5.0,1.0,535,535,5.0,-5.0,535,-5.0
6.0,2.0,1.0,536,536,2.0,-2.0,536,-2.0
6.0,-1.0,1.0,537,537,-1.0,1.0,537,1.0
6.0,6.0,1.0,538,538,6.0,-6.0,538,-6.0
6.0,6.0,1.0,539,539,6.0,-6.0,539,-6.0
6.0,6.0,1.0,540,540,6.0,-6.0,540,-6.0
6.0,-1.0,1.0,541,541,-1.0,1.0,541,1.0
6.0,-1.0,1.0,542,542,-1.0,1.0,542,1.0
6.0,2.0,1.0,543,543,2.0,-2.0,543,-2.0
6.0,2.0,1.0,544,544,2.0,-2.0,544,-2.0
6.0,2.0,1.0,545,545,2.0,-2.0,545,-2.0
6.0,5.0,1.0,546,546,5.0,-5.0,546,-5.0
6.0,-1.0,1.0,547,547,-1.0,1.0,547,1.0
6.0,5.0,1.0,548,548,5.0,-5.0,548,-5.0
6.0,5.0,1.0,549,549,5.0,-5.0,549,-5.0
6.0,2.0,1.0,550,550,2.0,-2.0,550,-2.0
6.0,5.0,1.0,551,551,5.0,-5.0,551,-5.0
6.0,-1.0,1.0,552,552,-1.0,1.0,552,1.0
6.0,5.0,1.0,553,553,5.0,-5.0,553,-5.0
6.0,2.0,1.0,554,554,2.0,-2.0,554,-2.0
6.0,2.0,1.0,555,555,2.0,-2.0,555,-2.0
6.0,2.0,1.0,556,556,2.0,-2.0,556,-2.0
6.0,-1.0,1.0,557,557,-1.0,1.0,557,1.0
6.0,5.0,1.0,558,558,5.0,-5.0,558,-5.0
6.0,-1.0,1.0,559,559,-1.0,1.0,559,1.0
6.0,6.0,1.0,560,560,6.0,-6.0,560,-6.0
6.0,5.0,1.0,561,561,5.0,-5.0,561,-5.0
6.0,5.0,1.0,562,562,5.0,-5.0,562,-5.0
6.0,2.0,1.0,563,563,2.0,-2.0,563,-2.0
6.0,5.0,1.0,564,564,5.0,-5.0,564,-5.0
6.0,5.0,1.0,565,565,5.0,-5.0,565,-5.0
6.0,2.0,1.0,566,566,2.0,-2.0,566,-2.0
6.0,-1.0,1.0,567,567,-1.0,1.0,567,1.0
6.0,6.0,1.0,568,568,6.0,-6.0,568,-6.0
6.0,-1.0,1.0,569,569,-1.0,1.0,569,1.0
6.0,5.0,1.0,570,570,5.0,-5.0,570,-5.0
6.0,5.0,1.0,571,571,5.0,-5.0,571,-5.0
6.0,6.0,1.0,572,572,6.0,-6.0,572,-6.0
6.0,-1.0,1.0,573,573,-1.0,1.0,573,1.0
6.0,6.0,1.0,574,574,6.0,-6.0,574,-6.0
6.0,6.0,1.0,575,575,6.0,-6.0,575,-6.0
6.0,5.0,1.0,576,576,5.0,-5.0,576,-5.0
6.0,6.0,1.0,577,577,6.0,-6.0,577,-6.0
6.0,5.0,1.0,578,578,5.0,-5.0,578,-5.0
6.0,2.0,1.0,579,579,2.0,-2.0,579,-2.0
6.0,6.0,1.0,580,580,6.0,-6.0,580,-6.0
6.0,5.0,1.0,581,581,5.0,-5.0,581,-5.0
6.0,-1.0,1.0,582,582,-1.0,1.0,582,1.0
6.0,6.0,1.0,583,583,6.0,-6.0,583,-6.0
6.0,5.0,1.0,584,584,5.0,-5.0,584,-5.0
6.0,-1.0,1.0,585,585,-1.0,1.0,585,1.0
6.0,-1.0,1.0,586,586,-1.0,1.0,586,1.0
6.0,6.0,1.0,587,587,6.0,-6.0,587,-6.0
6.0,5.0,1.0,588,588,5.0,-5.0,588,-5.0
6.0,6.0,1.0,589,589,6.0,-6.0,589,-6.0
6.0,-1.0,1.0,590,590,-1.0,1.0,590,1.0
6.0,5.0,1.0,591,591,5.0,-5.0,591,-5.0
6.0,5.0,1.0,592,592,5.0,-5.0,592,-5.0
6.0,2.0,1.0,593,593,2.0,-2.0,593,-2.0
6.0,-1.0,1.0,594,594,-1.0,1.0,594,1.0
6.0,-1.0,1.0,595,595,-1.0,1.0,595,1.0
6.0,6.0,1.0,596,596,6.0,-6.0,596,-6.0
6.0,6.0,1.0,597,597,6.0,-6.0,597,-6.0
6.0,6.0,1.0,598,598,6.0,-6.0,598,-6.0
6.0,2.0,1.0,599,599,2.0,-2.0,599,-2.0
6.0,5.0,1.0,600,600,5.0,-5.0,600,-5.0
6.0,6.0,1.0,601,601,6.0,-6.0,601,-6.0
6.0,2.0,1.0,602,602,2.0,-2.0,602,-2.0
6.0,2.0,1.0,603,603,2.0,-2.0,603,-2.0
6.0,6.0,1.0,604,604,6.0,-6.0,604,-6.0
6.0,-1.0,1.0,605,605,-1.0,1.0,605,1.0
6.0,2.0,1.0,606,606,2.0,-2.0,606,-2.0
6.0,2.0,1.0,607,607,2.0,-2.0,607,-2.0
6.0,6.0,1.0,608,608,6.0,-6.0,608,-6.0
6.0,5.0,1.0,609,609,5.0,-5.0,609,-5.0
6.0,6.0,1.0,610,610,6.0,-6.0,610,-6.0
6.0,5.0,1.0,611,611,5.0,-5.0,611,-5.0
6.0,5.0,1.0,612,612,5.0,-5.0,612,-5.0
6.0,5.0,1.0,613,613,5.0,-5.0,613,-5.0
6.0,2.0,1.0,614,614,2.0,-2.0,614,-2.0
6.0,2.0,1.0,615,615,2.0,-2.0,615,-2.0
6.0,-1.0,1.0,616,616,-1.0,1.0,616,1.0
6.0,-1.0,1.0,617,617,-1.0,1.0,617,1.0
6.0,6.0,1.0,618,618,6.0,-6.0,618,-6.0
6.0,6.0,1.0,619,619,6.0,-6.0,619,-6.0
6.0,2.0,1.0,620,620,2.0,-2.0,620,-2.0
6.0,-1.0,1.0,621,621,-1.0,1.0,621,1.0
6.0,6.0,1.0,622,622,6.0,-6.0,622,-6.0
6.0,5.0,1.0,623,623,5.0,-5.0,623,-5.0
6.0,5.0,1.0,624,624,5.0,-5.0,624,-5.0
6.0,-1.0,1.0,625,625,-1.0,1.0,625,1.0
6.0,5.0,1.0,626,626,5.0,-5.0,626,-5.0
6.0,5.0,1.0,627,627,5.0,-5.0,627,-5.0
6.0,2.0,1.0,628,628,2.0,-2.0,628,-2.0
6.0,6.0,1.0,629,629,6.0,-6.0,629,-6.0
6.0,5.0,1.0,630,630,5.0,-5.0,630,-5.0
6.0,-1.0,1.0,631,631,-1.0,1.0,631,1.0
6.0,6.0,1.0,632,632,6.0,-6.0,632,-6.0
6.0,5.0,1.0,633,633,5.0,-5.0,633,-5.0
6.0,2.0,1.0,634,634,2.0,-2.0,634,-2.0
6.0,5.0,1.0,635,635,5.0,-5.0,635,-5.0
6.0,-1.0,1.0,636,636,-1.0,1.0,636,1.0
6.0,5.0,1.0,637,637,5.0,-5.0,637,-5.0
6.0,2.0,1.0,638,638,2.0,-2.0,638,-2.0
6.0,5.0,1.0,639,639,5.0,-5.0,639,-5.0
6.0,6.0,1.0,640,640,6.0,-6.0,640,-6.0
6.0,2.0,1.0,641,641,2.0,-2.0,641,-2.0
6.0,-1.0,1.0,642,642,-1.0,1.0,642,1.0
6.0,5.0,1.0,643,643,5.0,-5.0,643,-5.0
6.0,2.0,1.0,644,644,2.0,-2.0,644,-2.0
6.0,5.0,1.0,645,645,5.0,-5.0,645,-5.0
6.0,6.0,1.0,646,646,6.0,-6.0,646,-6.0
6.0,2.0,1.0,647,647,2.0,-2.0,647,-2.0
6.0,-1.0,1.0,648,648,-1.0,1.0,648,1.0
6.0,2.0,1.0,649,649,2.0,-2.0,649,-2.0
6.0,5.0,1.0,650,650,5.0,-5.0,650,-5.0
6.0,6.0,1.0,651,651,6.0,-6.0,651,-6.0
6.0,-1.0,1.0,652,652,-1.0,1.0,652,1.0
6.0,2.0,1.0,653,653,2.0,-2.0,653,-2.0
6.0,6.0,1.0,654,654,6.0,-6.0,654,-6.0
6.0,-1.0,1.0,655,655,-1.0,1.0,655,1.0
6.0,2.0,1.0,656,656,2.0,-2.0,656,-2.0
6.0,-1.0,1.0,657,657,-1.0,1.0,657,1.0
6.0,2.0,1.0,658,658,2.0,-2.0,658,-2.0
6.0,6.0,1.0,659,659,6.0,-6.0,659,-6.0
6.0,-1.0,1.0,660,660,-1.0,1.0,660,1.0
6.0,5.0,1.0,661,661,5.0,-5.0,661,-5.0
6.0,6.0,1.0,662,662,6.0,-6.0,662,-6.0
6.0,2.0,1.0,663,663,2.0,-2.0,663,-2.0
6.0,-1.0,1.0,664,664,-1.0,1.0,664,1.0
6.0,-1.0,1.0,665,665,-1.0,1.0,665,1.0
6.0,6.0,1.0,666,666,6.0,-6.0,666,-6.0
6.0,-1.0,1.0,667,667,-1.0,1.0,667,1.0
6.0,6.0,1.0,668,668,6.0,-6.0,668,-6.0
6.0,2.0,1.0,669,669,2.0,-2.0,669,-2.0
6.0,6.0,1.0,670,670,6.0,-6.0,670,-6.0
6.0,-1.0,1.0,671,671,-1.0,1.0,671,1.0
6.0,6.0,1.0,672,672,6.0,-6.0,672,-6.0
6.0,5.0,1.0,673,673,5.0,-5.0,673,-5.0
6.0,5.0,1.0,674,674,5.0,-5.0,674,-5.0
6.0,6.0,1.0,675,675,6.0,-6.0,675,-6.0
6.0,6.0,1.0,676,676,6.0,-6.0,676,-6.0
6.0,2.0,1.0,677,677,2.0,-2.0,677,-2.0
6.0,6.0,1.0,678,678,6.0,-6.0,678,-6.0
6.0,6.0,1.0,679,679,6.0,-6.0,679,-6.0
6.0,2.0,1.0,680,680,2.0,-2.0,680,-2.0
6.0,2.0,1.0,681,681,2.0,-2.0,681,-2.0
6.0,5.0,1.0,682,682,5.0,-5.0,682,-5.0
6.0,-1.0,1.0,683,683,-1.0,1.0,683,1.0
6.0,6.0,1.0,684,684,6.0,-6.0,684,-6.0
6.0,6.0,1.0,685,685,6.0,-6.0,685,-6.0
6.0,-1.0,1.0,686,686,-1.0,1.0,686,1.0
6.0,-1.0,1.0,687,687,-1.0,1.0,687,1.0
6.0,6.0,1.0,688,688,6.0,-6.0,688,-6.0
6.0,5.0,1.0,689,689,5.0,-5.0,689,-5.0
6.0,6.0,1.0,690,690,6.0,-6.0,690,-6.0
6.0,2.0,1.0,691,691,2.0,-2.0,691,-2.0
6.0,-1.0,1.0,692,692,-1.0,1.0,692,1.0
6.0,2.0,1.0,693,693,2.0,-2.0,693,-2.0
6.0,5.0,1.0,694,694,5.0,-5.0,694,-5.0
6.0,-1.0,1.0,695,695,-1.0,1.0,695,1.0
6.0,6.0,1.0,696,696,6.0,-6.0,696,-6.0
6.0,5.0,1.0,697,697,5.0,-5.0,697,-5.0
6.0,5.0,1.0,698,698,5.0,-5.0,698,-5.0
6.0,2.0,1.0,699,699,2.0,-2.0,699,-2.0
6.0,-1.0,1.0,700,700,-1.0,1.0,700,1.0
6.0,5.0,1.0,701,701,5.0,-5.0,701,-5.0
6.0,-1.0,1.0,702,702,-1.0,1.0,702,1.0
6.0,2.0,1.0,703,703,2.0,-2.0,703,-2.0
6.0,5.0,1.0,704,704,5.0,-5.0,704,-5.0
6.0,-1.0,1.0,705,705,-1.0,1.0,705,1.0
6.0,5.0,1.0,706,706,5.0,-5.0,706,-5.0
6.0,-1.0,1.0,707,707,-1.0,1.0,707,1.0
6.0,6.0,1.0,708,708,6.0,-6.0,708,-6.0
6.0,6.0,1.0,709,709,6.0,-6.0,709,-6.0
6.0,5.0,1.0,710,710,5.0,-5.0,710,-5.0
6.0,-1.0,1.0,711,711,-1.0,1.0,711,1.0
6.0,5.0,1.0,712,712,5.0,-5.0,712,-5.0
6.0,5.0,1.0,713,713,5.0,-5.0,713,-5.0
6.0,-1.0,1.0,714,714,-1.0,1.0,714,1.0
6.0,2.0,1.0,715,715,2.0,-2.0,715,-2.0
6.0,-1.0,1.0,716,716,-1.0,1.0,716,1.0
6.0,-1.0,1.0,717,717,-1.0,1.0,717,1.0
6.0,6.0,1.0,718,718,6.0,-6.0,718,-6.0
6.0,2.0,1.0,719,719,2.0,-2.0,719,-2.0
6.0,5.0,1.0,720,720,5.0,-5.0,720,-5.0
6.0,-1.0,1.0,721,721,-1.0,1.0,721,1.0
6.0,6.0,1.0,722,722,6.0,-6.0,722,-6.0
6.0,-1.0,1.0,723,723,-1.0,1.0,723,1.0
6.0,5.0,1.0,724,724,5.0,-5.0,724,-5.0
6.0,6.0,1.0,725,725,6.0,-6.0,725,-6.0
6.0,5.0,1.0,726,726,5.0,-5.0,726,-5.0
6.0,5.0,1.0,727,727,5.0,-5.0,727,-5.0
6.0,2.0,1.0,728,728,2.0,-2.0,728,-2.0
6.0,2.0,1.0,729,729,2.0,-2.0,729,-2.0
6.0,5.0,1.0,730,730,5.0,-5.0,730,-5.0
6.0,-1.0,1.0,731,731,-1.0,1.0,731,1.0
6.0,6.0,1.0,732,732,6.0,-6.0,732,-6.0
6.0,6.0,1.0,733,733,6.0,-6.0,733,-6.0
6.0,2.0,1.0,734,734,2.0,-2.0,734,-2.0
6.0,-1.0,1.0,735,735,-1.0,1.0,735,1.0
6.0,2.0,1.0,736,736,2.0,-2.0,736,-2.0
6.0,2.0,1.0,737,737,2.0,-2.0,737,-2.0
6.0,5.0,1.0,738,738,5.0,-5.0,738,-5.0
6.0,6.0,1.0,739,739,6.0,-6.0,739,-6.0
6.0,5.0,1.0,740,740,5.0,-5.0,740,-5.0
6.0,5.0,1.0,741,741,5.0,-5.0,741,-5.0
6.0,5.0,1.0,742,742,5.0,-5.0,742,-5.0
6.0,5.0,1.0,743,743,5.0,-5.0,743,-5.0
6.0,-1.0,1.0,744,744,-1.0,1.0,744,1.0
6.0,-1.0,1.0,745,745,-1.0,1.0,745,1.0
6.0,-1.0,1.0,746,746,-1.0,1.0,746,1.0
6.0,-1.0,1.0,747,747,-1.0,1.0,747,1.0
6.0,-1.0,1.0,748,748,-1.0,1.0,748,1.0
6.0,2.0,1.0,749,749,2.0,-2.0,749,-2.0
6.0,5.0,1.0,750,750,5.0,-5.0,750,-5.0
6.0,2.0,1.0,751,751,2.0,-2.0,751,-2.0
6.0,-1.0,1.0,752,752,-1.0,1.0,752,1.0
6.0,2.0,1.0,753,753,2.0,-2.0,753,-2.0
6.0,6.0,1.0,754,754,6.0,-6.0,754,-6.0
6.0,2.0,1.0,755,755,2.0,-2.0,755,-2.0
6.0,2.0,1.0,756,756,2.0,-2.0,756,-2.0
6.0,-1.0,1.0,757,757,-1.0,1.0,757,1.0
6.0,-1.0,1.0,758,758,-1.0,1.0,758,1.0
6.0,6.0,1.0,759,759,6.0,-6.0,759,-6.0
6.0,-1.0,1.0,760,760,-1.0,1.0,760,1.0
6.0,6.0,1.0,761,761,6.0,-6.0,761,-6.0
6.0,-1.0,1.0,762,762,-1.0,1.0,762,1.0
6.0,5.0,1.0,763,763,5.0,-5.0,763,-5.0
6.0,5.0,1.0,764,764,5.0,-5.0,764,-5.0
6.0,-1.0,1.0,765,765,-1.0,1.0,765,1.0
6.0,6.0,1.0,766,766,6.0,-6.0,766,-6.0
6.0,5.0,1.0,767,767,5.0,-5.0,767,-5.0
6.0,6.0,1.0,768,768,6.0,-6.0,768,-6.0
6.0,-1.0,1.0,769,769,-1.0,1.0,769,1.0
6.0,2.0,1.0,770,770,2.0,-2.0,770,-2.0
6.0,2.0,1.0,771,771,2.0,-2.0,771,-2.0
6.0,5.0,1.0,772,772,5.0,-5.0,772,-5.0
6.0,5.0,1.0,773,773,5.0,-5.0,773,-5.0
6.0,5.0,1.0,774,774,5.0,-5.0,774,-5.0
6.0,5.0,1.0,775,775,5.0,-5.0,775,-5.0
6.0,2.0,1.0,776,776,2.0,-2.0,776,-2.0
6.0,2.0,1.0,777,777,2.0,-2.0,777,-2.0
6.0,6.0,1.0,778,778,6.0,-6.0,778,-6.0
6.0,-1.0,1.0,779,779,-1.0,1.0,779,1.0
6.0,6.0,1.0,780,780,6.0,-6.0,780,-6.0
6.0,2.0,1.0,781,781,2.0,-2.0,781,-2.0
6.0,5.0,1.0,782,782,5.0,-5.0,782,-5.0
6.0,6.0,1.0,783,783,6.0,-6.0,783,-6.0
6.0,6.0,1.0,784,784,6.0,-6.0,784,-6.0
6.0,2.0,1.0,785,785,2.0,-2.0,785,-2.0
6.0,-1.0,1.0,786,786,-1.0,1.0,786,1.0
6.0,2.0,1.0,787,787,2.0,-2.0,787,-2.0
6.0,-1.0,1.0,788,788,-1.0,1.0,788,1.0
6.0,-1.0,1.0,789,789,-1.0,1.0,789,1.0
6.0,6.0,1.0,790,790,6.0,-6.0,790,-6.0
6.0,2.0,1.0,791,791,2.0,-2.0,791,-2.0
6.0,2.0,1.0,792,792,2.0,-2.0,792,-2.0
6.0,6.0,1.0,793,793,6.0,-6.0,793,-6.0
6.0,5.0,1.0,794,794,5.0,-5.0,794,-5.0
6.0,2.0,1.0,795,795,2.0,-2.0,795,-2.0
6.0,2.0,1.0,796,796,2.0,-2.0,796,-2.0
6.0,-1.0,1.0,797,797,-1.0,1.0,797,1.0
6.0,2.0,1.0,798,798,2.0,-2.0,798,-2.0
6.0,5.0,1.0,799,799,5.0,-5.0,799,-5.0
6.0,2.0,1.0,800,800,2.0,-2.0,800,-2.0
6.0,5.0,1.0,801,801,5.0,-5.0,801,-5.0
6.0,2.0,1.0,802,802,2.0,-2.0,802,-2.0
6.0,2.0,1.0,803,803,2.0,-2.0,803,-2.0
6.0,5.0,1.0,804,804,5.0,-5.0,804,-5.0
6.0,2.0,1.0,805,805,2.0,-2.0,805,-2.0
6.0,6.0,1.0,806,806,6.0,-6.0,806,-6.0
6.0,2.0,1.0,807,807,2.0,-2.0,807,-2.0
6.0,5.0,1.0,808,808,5.0,-5.0,808,-5.0
6.0,2.0,1.0,809,809,2.0,-2.0,809,-2.0
6.0,6.0,1.0,810,810,6.0,-6.0,810,-6.0
6.0,-1.0,1.0,811,811,-1.0,1.0,811,1.0
6.0,6.0,1.0,812,812,6.0,-6.0,812,-6.0
6.0,2.0,1.0,813,813,2.0,-2.0,813,-2.0
6.0,6.0,1.0,814,814,6.0,-6.0,814,-6.0
6.0,2.0,1.0,815,815,2.0,-2.0,815,-2.0
6.0,2.0,1.0,816,816,2.0,-2.0,816,-2.0
6.0,5.0,1.0,817,817,5.0,-5.0,817,-5.0
6.0,6.0,1.0,818,818,6.0,-6.0,818,-6.0
6.0,5.0,1.0,819,819,5.0,-5.0,819,-5.0
6.0,2.0,1.0,820,820,2.0,-2.0,820,-2.0
6.0,2.0,1.0,821,821,2.0,-2.0,821,-2.0
6.0,2.0,1.0,822,822,2.0,-2.0,822,-2.0
6.0,2.0,1.0,823,823,2.0,-2.0,823,-2.0
6.0,-1.0,1.0,824,824,-1.0,1.0,824,1.0
6.0,5.0,1.0,825,825,5.0,-5.0,825,-5.0
6.0,-1.0,1.0,826,826,-1.0,1.0,826,1.0
6.0,2.0,1.0,827,827,2.0,-2.0,827,-2.0
6.0,-1.0,1.0,828,828,-1.0,1.0,828,1.0
6.0,-1.0,1.0,829,829,-1.0,1.0,829,1.0
6.0,-1.0,1.0,830,830,-1.0,1.0,830,1.0
6.0,6.0,1.0,831,831,6.0,-6.0,831,-6.0
6.0,-1.0,1.0,832,832,-1.0,1.0,832,1.0
6.0,-1.0,1.0,833,833,-1.0,1.0,833,1.0
6.0,6.0,1.0,834,834,6.0,-6.0,834,-6.0
6.0,2.0,1.0,835,835,2.0,-2.0,835,-2.0
6.0,-1.0,1.0,836,836,-1.0,1.0,836,1.0
6.0,6.0,1.0,837,837,6.0,-6.0,837,-6.0
6.0,5.0,1.0,838,838,5.0,-5.0,838,-5.0
6.0,5.0,1.0,839,839,5.0,-5.0,839,-5.0
6.0,2.0,1.0,840,840,2.0,-2.0,840,-2.0
6.0,2.0,1.0,841,841,2.0,-2.0,841,-2.0
6.0,6.0,1.0,842,842,6.0,-6.0,842,-6.0
6.0,2.0,1.0,843,843,2.0,-2.0,843,-2.0
6.0,2.0,1.0,844,844,2.0,-2.0,844,-2.0
6.0,-1.0,1.0,845,845,-1.0,1.0,845,1.0
6.0,6.0,1.0,846,846,6.0,-6.0,846,-6.0
6.0,-1.0,1.0,847,847,-1.0,1.0,847,1.0
6.0,6.0,1.0,848,848,6.0,-6.0,848,-6.0
6.0,-1.0,1.0,849,849,-1.0,1.0,849,1.0
6.0,2.0,1.0,850,850,2.0,-2.0,850,-2.0
6.0,5.0,1.0,851,851,5.0,-5.0,851,-5.0
6.0,2.0,1.0,852,852,2.0,-2.0,852,-2.0
6.0,6.0,1.0,853,853,6.0,-6.0,853,-6.0
6.0,6.0,1.0,854,854,6.0,-6.0,854,-6.0
6.0,-1.0,1.0,855,855,-1.0,1.0,855,1.0
6.0,2.0,1.0,856,856,2.0,-2.0,856,-2.0
6.0,2.0,1.0,857,857,2.0,-2.0,857,-2.0
6.0,5.0,1.0,858,858,5.0,-5.0,858,-5.0
6.0,5.0,1.0,859,859,5.0,-5.0,859,-5.0
6.0,6.0,1.0,860,860,6.0,-6.0,860,-6.0
6.0,5.0,1.0,861,861,5.0,-5.0,861,-5.0
6.0,2.0,1.0,862,862,2.0,-2.0,862,-2.0
6.0,6.0,1.0,863,863,6.0,-6.0,863,-6.0
6.0,-1.0,1.0,864,864,-1.0,1.0,864,1.0
6.0,-1.0,1.0,865,865,-1.0,1.0,865,1.0
6.0,-1.0,1.0,866,866,-1.0,1.0,866,1.0
6.0,6.0,1.0,867,867,6.0,-6.0,867,-6.0
6.0,5.0,1.0,868,868,5.0,-5.0,868,-5.0
6.0,6.0,1.0,869,869,6.0,-6.0,869,-6.0
6.0,2.0,1.0,870,870,2.0,-2.0,870,-2.0
6.0,-1.0,1.0,871,871,-1.0,1.0,871,1.0
6.0,-1.0,1.0,872,872,-1.0,1.0,872,1.0
6.0,5.0,1.0,873,873,5.0,-5.0,873,-5.0
6.0,6.0,1.0,874,874,6.0,-6.0,874,-6.0
6.0,-1.0,1.0,875,875,-1.0,1.0,875,1.0
6.0,5.0,1.0,876,876,5.0,-5.0,876,-5.0
6.0,5.0,1.0,877,877,5.0,-5.0,877,-5.0
6.0,5.0,1.0,878,878,5.0,-5.0,878,-5.0
6.0,6.0,1.0,879,879,6.0,-6.0,879,-6.0
6.0,5.0,1.0,880,880,5.0,-5.0,880,-5.0
6.0,2.0,1.0,881,881,2.0,-2.0,881,-2.0
6.0,6.0,1.0,882,882,6.0,-6.0,882,-6.0
6.0,6.0,1.0,883,883,6.0,-6.0,883,-6.0
6.0,2.0,1.0,884,884,2.0,-2.0,884,-2.0
6.0,2.0,1.0,885,885,2.0,-2.0,885,-2.0
6.0,6.0,1.0,886,886,6.0,-6.0,886,-6.0
6.0,-1.0,1.0,887,887,-1.0,1.0,887,1.0
6.0,5.0,1.0,888,888,5.0,-5.0,888,-5.0
6.0,-1.0,1.0,889,889,-1.0,1.0,889,1.0
6.0,-1.0,1.0,890,890,-1.0,1.0,890,1.0
6.0,6.0,1.0,891,891,6.0,-6.0,891,-6.0
6.0,6.0,1.0,892,892,6.0,-6.0,892,-6.0
6.0,2.0,1.0,893,893,2.0,-2.0,893,-2.0
6.0,2.0,1.0,894,894,2.0,-2.0,894,-2.0
6.0,-1.0,1.0,895,895,-1.0,1.0,895,1.0
6.0,2.0,1.0,896,896,2.0,-2.0,896,-2.0
6.0,2.0,1.0,897,897,2.0,-2.0,897,-2.0
6.0,5.0,1.0,898,898,5.0,-5.0,898,-5.0
6.0,2.0,1.0,899,899,2.0,-2.0,899,-2.0
6.0,2.0,1.0,900,900,2.0,-2.0,900,-2.0
6.0,5.0,1.0,901,901,5.0,-5.0,901,-5.0
6.0,2.0,1.0,902,902,2.0,-2.0,902,-2.0
6.0,5.0,1.0,903,903,5.0,-5.0,903,-5.0
6.0,2.0,1.0,904,904,2.0,-2.0,904,-2.0
6.0,-1.0,1.0,905,905,-1.0,1.0,905,1.0
6.0,2.0,1.0,906,906,2.0,-2.0,906,-2.0
6.0,-1.0,1.0,907,907,-1.0,1.0,907,1.0
6.0,5.0,1.0,908,908,5.0,-5.0,908,-5.0
6.0,5.0,1.0,909,909,5.0,-5.0,909,-5.0
6.0,6.0,1.0,910,910,6.0,-6.0,910,-6.0
6.0,-1.0,1.0,911,911,-1.0,1.0,911,1.0
6.0,6.0,1.0,912,912,6.0,-6.0,912,-6.0
6.0,5.0,1.0,913,913,5.0,-5.0,913,-5.0
6.0,2.0,1.0,914,914,2.0,-2.0,914,-2.0
6.0,2.0,1.0,915,915,2.0,-2.0,915,-2.0
6.0,2.0,1.0,916,916,2.0,-2.0,916,-2.0
6.0,2.0,1.0,917,917,2.0,-2.0,917,-2.0
6.0,2.0,1.0,918,918,2.0,-2.0,918,-2.0
6.0,6.0,1.0,919,919,6.0,-6.0,919,-6.0
6.0,-1.0,1.0,920,920,-1.0,1.0,920,1.0
6.0,2.0,1.0,921,921,2.0,-2.0,921,-2.0
6.0,6.0,1.0,922,922,6.0,-6.0,922,-6.0
6.0,6.0,1.0,923,923,6.0,-6.0,923,-6.0
6.0,6.0,1.0,924,924,6.0,-6.0,924,-6.0
6.0,2.0,1.0,925,925,2.0,-2.0,925,-2.0
6.0,5.0,1.0,926,926,5.0,-5.0,926,-5.0
6.0,6.0,1.0,927,927,6.0,-6.0,927,-6.0
6.0,-1.0,1.0,928,928,-1.0,1.0,928,1.0
6.0,5.0,1.0,929,929,5.0,-5.0,929,-5.0
6.0,5.0,1.0,930,930,5.0,-5.0,930,-5.0
6.0,-1.0,1.0,931,931,-1.0,1.0,931,1.0
6.0,5.0,1.0,932,932,5.0,-5.0,932,-5.0
6.0,-1.0,1.0,933,933,-1.0,1.0,933,1.0
6.0,-1.0,1.0,934,934,-1.0,1.0,934,1.0
6.0,6.0,1.0,935,935,6.0,-6.0,935,-6.0
6.0,6.0,1.0,936,936,6.0,-6.0,936,-6.0
6.0,2.0,1.0,937,937,2.0,-2.0,937,-2.0
6.0,5.0,1.0,938,938,5.0,-5.0,938,-5.0
6.0,5.0,1.0,939,939,5.0,-5.0,939,-5.0
6.0,2.0,1.0,940,940,2.0,-2.0,940,-2.0
6.0,-1.0,1.0,941,941,-1.0,1.0,941,1.0
6.0,5.0,1.0,942,942,5.0,-5.0,942,-5.0
6.0,5.0,1.0,943,943,5.0,-5.0,943,-5.0
6.0,2.0,1.0,944,944,2.0,-2.0,944,-2.0
6.0,2.0,1.0,945,945,2.0,-2.0,945,-2.0
6.0,5.0,1.0,946,946,5.0,-5.0,946,-5.0
6.0,-1.0,1.0,947,947,-1.0,1.0,947,1.0
6.0,2.0,1.0,948,948,2.0,-2.0,948,-2.0
6.0,-1.0,1.0,949,949,-1.0,1.0,949,1.0
6.0,6.0,1.0,950,950,6.0,-6.0,950,-6.0
6.0,6.0,1.0,951,951,6.0,-6.0,951,-6.0
6.0,6.0,1.0,952,952,6.0,-6.0,952,-6.0
6.0,5.0,1.0,953,953,5.0,-5.0,953,-5.0
6.0,-1.0,1.0,954,954,-1.0,1.0,954,1.0
6.0,5.0,1.0,955,955,5.0,-5.0,955,-5.0
6.0,5.0,1.0,956,956,5.0,-5.0,956,-5.0
6.0,5.0,1.0,957,957,5.0,-5.0,957,-5.0
6.0,-1.0,1.0,958,958,-1.0,1.0,958,1.0
6.0,6.0,1.0,959,959,6.0,-6.0,959,-6.0
6.0,2.0,1.0,960,960,2.0,-2.0,960,-2.0
6.0,5.0,1.0,961,961,5.0,-5.0,961,-5.0
6.0,6.0,1.0,962,962,6.0,-6.0,962,-6.0
6.0,2.0,1.0,963,963,2.0,-2.0,963,-2.0
6.0,2.0,1.0,964,964,2.0,-2.0,964,-2.0
6.0,5.0,1.0,965,965,5.0,-5.0,965,-5.0
6.0,2.0,1.0,966,966,2.0,-2.0,966,-2.0
6.0,6.0,1.0,967,967,6.0,-6.0,967,-6.0
6.0,5.0,1.0,968,968,5.0,-5.0,968,-5.0
6.0,5.0,1.0,969,969,5.0,-5.0,969,-5.0
6.0,2.0,1.0,970,970,2.0,-2.0,970,-2.0
6.0,2.0,1.0,971,971,2.0,-2.0,971,-2.0
6.0,-1.0,1.0,972,972,-1.0,1.0,972,1.0
6.0,6.0,1.0,973,973,6.0,-6.0,973,-6.0
6.0,2.0,1.0,974,974,2.0,-2.0,974,-2.0
6.0,-1.0,1.0,975,975,-1.0,1.0,975,1.0
6.0,5.0,1.0,976,976,5.0,-5.0,976,-5.0
6.0,-1.0,1.0,977,977,-1.0,1.0,977,1.0
6.0,6.0,1.0,978,978,6.0,-6.0,978,-6.0
6.0,5.0,1.0,979,979,5.0,-5.0,979,-5.0
6.0,5.0,1.0,980,980,5.0,-5.0,980,-5.0
6.0,2.0,1.0,981,981,2.0,-2.0,981,-2.0
6.0,6.0,1.0,982,982,6.0,-6.0,982,-6.0
6.0,2.0,1.0,983,983,2.0,-2.0,983,-2.0
6.0,6.0,1.0,984,984,6.0,-6.0,984,-6.0
6.0,5.0,1.0,985,985,5.0,-5.0,985,-5.0
6.0,-1.0,1.0,986,986,-1.0,1.0,986,1.0
6.0,6.0,1.0,987,987,6.0,-6.0,987,-6.0
6.0,2.0,1.0,988,988,2.0,-2.0,988,-2.0
6.0,2.0,1.0,989,989,2.0,-2.0,989,-2.0
6.0,-1.0,1.0,990,990,-1.0,1.0,990,1.0
6.0,5.0,1.0,991,991,5.0,-5.0,991,-5.0
6.0,2.0,1.0,992,992,2.0,-2.0,992,-2.0
6.0,5.0,1.0,993,993,5.0,-5.0,993,-5.0
6.0,2.0,1.0,994,994,2.0,-2.0,994,-2.0
6.0,-1.0,1.0,995,995,-1.0,1.0,995,1.0
6.0,6.0,1.0,996,996,6.0,-6.0,996,-6.0
6.0,6.0,1.0,997,997,6.0,-6.0,997,-6.0
6.0,6.0,1.0,998,998,6.0,-6.0,998,-6.0
6.0,6.0,1.0,999,999,6.0,-6.0,999,-6.0
6.0,-1.0,1.0,1000,1000,-1.0,1.0,1000,1.0
6.0,2.0,1.0,1001,1001,2.0,-2.0,1001,-2.0
6.0,6.0,1.0,1002,1002,6.0,-6.0,1002,-6.0
6.0,-1.0,1.0,1003,1003,-1.0,1.0,1003,1.0
6.0,-1.0,1.0,1004,1004,-1.0,1.0,1004,1.0
6.0,5.0,1.0,1005,1005,5.0,-5.0,1005,-5.0
6.0,2.0,1.0,1006,1006,2.0,-2.0,1006,-2.0
6.0,5.0,1.0,1007,1007,5.0,-5.0,1007,-5.0
6.0,2.0,1.0,1008,1008,2.0,-2.0,1008,-2.0
6.0,5.0,1.0,1009,1009,5.0,-5.0,1009,-5.0
6.0,5.0,1.0,1010,1010,5.0,-5.0,1010,-5.0
6.0,6.0,1.0,1011,1011,6.0,-6.0,1011,-6.0
6.0,2.0,1.0,1012,1012,2.0,-2.0,1012,-2.0
6.0,2.0,1.0,1013,1013,2.0,-2.0,1013,-2.0
6.0,6.0,1.0,1014,1014,6.0,-6.0,1014,-6.0
6.0,2.0,1.0,1015,1015,2.0,-2.0,1015,-2.0
6.0,2.0,1.0,1016,1016,2.0,-2.0,1016,-2.0
6.0,5.0,1.0,1017,1017,5.0,-5.0,1017,-5.0
6.0,6.0,1.0,1018,1018,6.0,-6.0,1018,-6.0
6.0,5.0,1.0,1019,1019,5.0,-5.0,1019,-5.0
6.0,6.0,1.0,1020,1020,6.0,-6.0,1020,-6.0
6.0,6.0,1.0,1021,1021,6.0,-6.0,1021,-6.0
6.0,5.0,1.0,1022,1022,5.0,-5.0,1022,-5.0
6.0,2.0,1.0,1023,1023,2.0,-2.0,1023,-2.0
6.0,6.0,1.0,1024,1024,6.0,-6.0,1024,-6.0
6.0,6.0,1.0,1025,1025,6.0,-6.0,1025,-6.0
6.0,-1.0,1.0,1026,1026,-1.0,1.0,1026,1.0
6.0,-1.0,1.0,1027,1027,-1.0,1.0,1027,1.0
6.0,6.0,1.0,1028,1028,6.0,-6.0,1028,-6.0
6.0,6.0,1.0,1029,1029,6.0,-6.0,1029,-6.0
6.0,6.0,1.0,1030,1030,6.0,-6.0,1030,-6.0
6.0,6.0,1.0,1031,1031,6.0,-6.0,1031,-6.0
6.0,6.0,1.0,1032,1032,6.0,-6.0,1032,-6.0
6.0,2.0,1.0,1033,1033,2.0,-2.0,1033,-2.0
6.0,6.0,1.0,1034,1034,6.0,-6.0,1034,-6.0
6.0,6.0,1.0,1035,1035,6.0,-6.0,1035,-6.0
6.0,6.0,1.0,1036,1036,6.0,-6.0,1036,-6.0
6.0,6.0,1.0,1037,1037,6.0,-6.0,1037,-6.0
6.0,-1.0,1.0,1038,1038,-1.0,1.0,1038,1.0
6.0,6.0,1.0,1039,1039,6.0,-6.0,1039,-6.0
6.0,-1.0,1.0,1040,1040,-1.0,1.0,1040,1.0
6.0,-1.0,1.0,1041,1041,-1.0,1.0,1041,1.0
6.0,6.0,1.0,1042,1042,6.0,-6.0,1042,-6.0
6.0,-1.0,1.0,1043,1043,-1.0,1.0,1043,1.0
6.0,6.0,1.0,1044,1044,6.0,-6.0,1044,-6.0
6.0,5.0,1.0,1045,1045,5.0,-5.0,1045,-5.0
6.0,-1.0,1.0,1046,1046,-1.0,1.0,1046,1.0
6.0,2.0,1.0,1047,1047,2.0,-2.0,1047,-2.0
6.0,2.0,1.0,1048,1048,2.0,-2.0,1048,-2.0
6.0,6.0,1.0,1049,1049,6.0,-6.0,1049,-6.0
6.0,5.0,1.0,1050,1050,5.0,-5.0,1050,-5.0
6.0,6.0,1.0,1051,1051,6.0,-6.0,1051,-6.0
6.0,5.0,1.0,1052,1052,5.0,-5.0,1052,-5.0
6.0,-1.0,1.0,1053,1053,-1.0,1.0,1053,1.0
6.0,6.0,1.0,1054,1054,6.0,-6.0,1054,-6.0
6.0,-1.0,1.0,1055,1055,-1.0,1.0,1055,1.0
6.0,6.0,1.0,1056,1056,6.0,-6.0,1056,-6.0
6.0,6.0,1.0,1057,1057,6.0,-6.0,1057,-6.0
6.0,6.0,1.0,1058,1058,6.0,-6.0,1058,-6.0
6.0,6.0,1.0,1059,1059,6.0,-6.0,1059,-6.0
6.0,6.0,1.0,1060,1060,6.0,-6.0,1060,-6.0
6.0,6.0,1.0,1061,1061,6.0,-6.0,1061,-6.0
6.0,6.0,1.0,1062,1062,6.0,-6.0,1062,-6.0
6.0,-1.0,1.0,1063,1063,-1.0,1.0,1063,1.0
6.0,6.0,1.0,1064,1064,6.0,-6.0,1064,-6.0
6.0,6.0,1.0,1065,1065,6.0,-6.0,1065,-6.0
6.0,6.0,1.0,1066,1066,6.0,-6.0,1066,-6.0
6.0,6.0,1.0,1067,1067,6.0,-6.0,1067,-6.0
6.0,-1.0,1.0,1068,1068,-1.0,1.0,1068,1.0
6.0,2.0,1.0,1069,1069,2.0,-2.0,1069,-2.0
6.0,6.0,1.0,1070,1070,6.0,-6.0,1070,-6.0
6.0,6.0,1.0,1071,1071,6.0,-6.0,1071,-6.0
6.0,2.0,1.0,1072,1072,2.0,-2.0,1072,-2.0
6.0,6.0,1.0,1073,1073,6.0,-6.0,1073,-6.0
6.0,5.0,1.0,1074,1074,5.0,-5.0,1074,-5.0
6.0,6.0,1.0,1075,1075,6.0,-6.0,1075,-6.0
6.0,6.0,1.0,1076,1076,6.0,-6.0,1076,-6.0
6.0,6.0,1.0,1077,1077,6.0,-6.0,1077,-6.0
